,Target Name,Active Mean,Active Median,Decoy Mean,Decoy Median,Delta Mean,Delta Median,EF_0.5%,EF_1%,EF_2%,EF_5%,ROC_AUC Score,ROC_PR Score,BEDROC_score
0,AOFB,9.181721311,9.5095,8.124373822,8.226,1.057347489,0.955721311,4.795765027,4.052759178,3.673351936,3.92380775,0.712510604,0.046504038,0.0922281
1,PYRD,10.80496396,10.908,9.191016599,9.313,1.613947365,1.491963964,10.74037674,13.42547093,10.74037674,6.483520105,0.767920185,0.0886482,0.225606906
2,CP2C9,9.265958333,9.4215,8.6685509,8.825,0.597407434,0.440958333,1.659210526,2.488815789,3.733223684,3.327176781,0.628406191,0.030728181,0.067818134
3,CP3A4,8.933052941,8.9875,8.578467107,8.663,0.354585834,0.270052941,2.34627451,1.173137255,1.466421569,0.940076598,0.582399816,0.018469059,0.029456025
4,KITH,8.635438596,8.956,7.433777544,7.446,1.201661053,1.189438596,40.8,30.6,17.28813559,9.431506849,0.765047707,0.287890245,0.489156948
5,HXK4,8.324195652,8.3145,8.232205707,8.298,0.091989945,0.026195652,0,0,0,0,0.524684514,0.018281085,0.000183785
6,DHI1,8.882536364,8.953,8.465866236,8.516,0.416670128,0.366536364,4.214569942,2.72311952,2.571835102,2.180709534,0.607959873,0.028001289,0.064513208
7,ALDR,9.696899371,9.829,8.584471262,8.629,1.112428109,1.067899371,10.01257862,9.386792453,7.196540881,4.902447063,0.705875731,0.074545504,0.172933435
,,,,,,,,9.32109692,7.98126189,5.833735688,3.898655585,0.661850578,0.07413345,0.142737068
