,Target Name,Active Mean,Active Median,Decoy Mean,Decoy Median,Delta Mean,Delta Median,EF_0.5%,EF_1%,EF_2%,EF_5%,ROC_AUC Score,ROC_PR Score,BEDROC_score
0,AOFB,-8.827006557,-9.0292,-7.723767433,-7.76981,-1.103239124,-1.057196557,1.598816029,0.810667282,0.408208348,0.163515276,0.263598242,0.011402963,0.014495298
1,PYRD,-10.31767739,-10.14879,-8.684159719,-8.783755,-1.633517668,-1.533922387,0,0,0,0,0.204252655,0.009607731,5.79E-07
2,CP2C9,-8.476826417,-8.7216,-8.241667742,-8.348255,-0.235158674,-0.128571417,1.659210526,1.659210526,1.244407895,1.164511873,0.429629443,0.014190304,0.030632965
3,CP3A4,-8.759896412,-8.86129,-8.441532332,-8.527855,-0.31836408,-0.232041412,0,0,0.293284314,0.23501915,0.425529093,0.011631018,0.003787009
4,KITH,-8.262576316,-8.34781,-7.2291298,-7.196615,-1.033446516,-1.065961316,0,0,0,0,0.232203755,0.011805486,0.000119033
5,HXK4,-7.63318413,-7.698025,-6.956758922,-7.05805,-0.676425208,-0.57513413,0,0,0,0.216847826,0.360693189,0.013510973,0.002570133
6,DHI1,-8.659145667,-8.68684,-8.046690275,-8.079765,-0.612455392,-0.579380667,0,0,0,0.060575265,0.332591661,0.011228361,0.000162329
7,ALDR,-9.909711761,-10.00759,-8.817650203,-8.84813,-1.092061558,-1.061581761,1.251572327,1.251572327,0.625786164,0.251407542,0.261097185,0.011251861,0.016844145
,,,,,,,,0.564,0.465,0.321,0.261,0.314,0.012,0.009
