,Target Name,Active Mean,Active Median,Decoy Mean,Decoy Median,Delta Mean,Delta Median,EF_0.5%,EF_1%,EF_2%,EF_5%,ROC_AUC Score,ROC_PR Score,BEDROC_score
0,AOFB,19.41874539,19.16238689,18.9017216,19.09893894,0.517023789,0.319806451,1.598816029,0.810667282,0.408208348,0.981091654,0.54329532,0.020042496,0.020044774
1,PYRD,27.77621331,27.63190079,25.48085944,25.42989922,2.295353868,2.346314095,5.37018837,6.265219765,5.817704068,2.52136893,0.738601074,0.045630967,0.114970801
2,CP2C9,21.44595412,21.12946415,20.23221457,20.19604015,1.21373955,1.249913963,3.318421053,2.488815789,2.488815789,1.82994723,0.635494449,0.025532143,0.05368604
3,CP3A4,25.60748925,26.34607315,24.16650249,24.82307243,1.440986761,0.784416816,2.34627451,1.173137255,1.466421569,2.46770107,0.587552111,0.022338934,0.039756818
4,KITH,27.9356321,28.63526917,27.92647517,28.10897446,0.009156933,-0.173342353,0,0,0.86440678,0.349315068,0.525835642,0.020560916,0.007906669
5,HXK4,38.38196147,38.56986046,36.11609494,35.84788895,2.265866529,2.534072524,0,1.08423913,2.710597826,4.120108696,0.698327902,0.050738338,0.053827635
6,DHI1,18.3575592,18.58664799,18.11803422,18.10320663,0.239524979,0.254352561,0.60208142,0.907706507,1.058990924,1.090354767,0.535247642,0.018311557,0.022928144
7,ALDR,30.53533868,30.91256332,29.3286023,28.98051453,1.20673638,1.554824157,0,0,0,1.634149021,0.604834272,0.02544365,0.011430813
,,,,,,,,1.654,1.591,1.852,1.874,0.609,0.029,0.041
