,Target Name,Active Mean,Active Median,Decoy Mean,Decoy Median,Delta Mean,Delta Median,EF_0.5%,EF_1%,EF_2%,EF_5%,ROC_AUC Score,ROC_PR Score,BEDROC_score
0,AOFB,7.614558219,7.727069108,7.793464524,7.884780484,-0.178906305,-0.270222265,1.596083789,0.809281921,0.407510755,0.163700901,0.418916957,0.014016314,0.01414297
1,PYRD,5.069677036,5.059112241,4.86654636,4.846883149,0.203130677,0.222793887,0,0,0.447652198,0.900763568,0.59562711,0.019905293,0.010001097
2,CP2C9,6.465843351,6.615699262,6.424371006,6.448317099,0.041472345,0.017526252,0,0,0,0.166380827,0.529045253,0.016612656,0.001392091
3,CP3A4,6.197440261,6.262555485,5.731160744,5.761339393,0.466279517,0.436100869,5.865196078,4.105637255,4.692156863,3.759992144,0.66979029,0.032893789,0.092187144
4,KITH,6.431608935,6.57829781,6.451609277,6.498560269,-0.020000342,-0.066951334,0,0,0,0,0.518885811,0.021077964,0.000680437
5,HXK4,6.758838267,6.772257156,6.422127057,6.43916565,0.336711209,0.319672617,0,0,1.085144928,1.519202899,0.659324699,0.030525807,0.020108326
6,DHI1,7.600032442,7.574986286,7.295343762,7.348474889,0.304688681,0.251557554,10.23486379,7.563836333,5.597238886,3.392042375,0.618853565,0.053533326,0.139925074
7,ALDR,5.736889095,5.878285701,5.779547137,5.874260042,-0.042658042,-0.137370947,0,0,0,0.125648842,0.471372141,0.014823753,0.001243943
,,,,,,,,2.212017957,1.559844439,1.528712954,1.253466445,0.560226978,0.025423613,0.034960135
