,Target Name,Active Mean,Active Median,Decoy Mean,Decoy Median,Delta Mean,Delta Median,EF_0.5%,EF_1%,EF_2%,EF_5%,ROC_AUC Score,ROC_PR Score,BEDROC_score
0,AOFB,20.56839334,21.30525017,19.34350066,19.62251568,1.22489268,0.945877658,0,0.809051027,2.036972445,1.800196161,0.59675726,0.023145511,0.033632753
1,PYRD,35.47993526,35.52137756,30.1758652,30.1282835,5.304070062,5.351651759,10.74037674,8.055282555,5.817704068,5.04273786,0.813773749,0.067144885,0.141532916
2,CP2C9,28.80545292,28.23897362,26.31135136,26.31877708,2.49410156,2.486675835,3.317982456,3.317982456,3.732730263,2.661389622,0.628694874,0.029590231,0.069921647
3,CP3A4,14.6558473,14.735116,13.11118083,13.42058754,1.544666477,1.235259764,4.689411765,3.517058824,3.223970588,2.352547708,0.584781632,0.022621375,0.064947142
4,KITH,37.92298337,38.46766281,30.84342849,30.58378792,7.079554879,7.339195452,10.19298246,11.89181287,11.22955694,8.028719058,0.842222304,0.133098989,0.263883693
5,HXK4,30.94391054,31.93031406,27.92279459,27.80095005,3.021115942,3.142960486,2.166666667,3.25,4.875,5.85,0.720914878,0.061592677,0.106662166
6,DHI1,21.23034017,21.28398895,20.59996744,20.39385223,0.630372732,0.836487935,1.20312213,1.511536687,0.755768343,1.09052067,0.544398495,0.018246161,0.023883556
7,ALDR,27.73868428,28.13777924,23.92611428,23.70204544,3.812570004,4.036638842,6.24965819,8.124555647,4.398666529,4.896020433,0.716148672,0.058039654,0.130524318
,,,,,,,,4.820025051,5.059660008,4.508796147,3.965266439,0.680961483,0.051684935,0.104373524
