,Target Name,Active Mean,Active Median,Decoy Mean,Decoy Median,Delta Mean,Delta Median,EF_0.5%,EF_1%,EF_2%,EF_5%,ROC_AUC Score,ROC_PR Score,BEDROC_score
0,AOFB,13.47257317,13.46752787,12.95515011,13.18101025,0.517423058,0.291562921,2.34755291,1.785462777,2.083039906,2.142555332,0.604864446,0.038418385,0.054715338
1,PYRD,11.76760276,11.66350031,12.09436806,12.11211586,-0.326765293,-0.344513096,0,0.74429324,0.74429324,0.297717296,0.442378585,0.016007496,0.012927111
2,CP2C9,11.33921335,11.58807755,11.57711352,11.57782078,-0.237900175,-0.23860743,0,0,0.271717809,0.983226297,0.489455586,0.023239047,0.011072582
3,CP3A4,10.44875037,11.14148712,10.92231156,11.21164751,-0.473561194,-0.762897141,1.093308451,0.546654226,0.686084251,0.880326285,0.437629839,0.026265281,0.021478174
4,KITH,9.868665641,10.59029961,8.507246151,7.747745991,1.36141949,2.12091965,3.028282828,10.5989899,13.62727273,8.630606061,0.662802132,0.249587691,0.464252514
5,HXK4,8.010549414,8.259942055,8.776076655,8.803248405,-0.765527241,-0.792698992,0,0,0,0,0.315220474,0.01697741,4.27E-11
6,DHI1,6.812499101,6.585987091,7.488477584,7.054121971,-0.675978483,-0.24162287,0,0.192124993,0.096300865,0.077002477,0.360058637,0.018023634,0.003011891
7,ALDR,11.35165272,11.22758293,10.89338897,10.84873629,0.45826375,0.502916436,0,0.452417795,0.452417795,1.09044289,0.626722457,0.03153971,0.016223959
,,,,,,,,0.808643024,1.789992866,2.245140824,1.76273458,0.49239152,0.052507332,0.072960196
