,Target Name,Active Mean,Active Median,Decoy Mean,Decoy Median,Delta Mean,Delta Median,EF_0.5%,EF_1%,EF_2%,EF_5%,ROC_AUC Score,ROC_PR Score,BEDROC_score
0,AOFB,271.5176529,271.2628887,255.5532792,257.2075203,15.96437366,14.31013254,7.97928051,5.66416532,4.074526218,2.455163234,0.62901118,0.043564662,0.103804025
1,PYRD,516.2154736,520.7374724,426.0604292,433.7293465,90.15504435,82.48612709,39.35735736,30.41250341,20.12592138,9.719347396,0.846979702,0.304708517,0.480964205
2,CP2C9,270.8951898,271.1062938,267.2569469,267.6777428,3.63824285,3.217447022,1.65877193,1.65877193,1.244078947,0.831574318,0.535000224,0.016984674,0.02568498
3,CP3A4,259.6225325,258.460999,244.6245787,256.0734374,14.99795377,3.549095063,5.863235294,3.517941176,2.931617647,2.81905136,0.560841519,0.022448216,0.068570947
4,KITH,466.0540727,507.1893947,411.6874501,415.0689946,54.36662265,50.98507806,34,27.2,16.42372881,9.780821918,0.701988304,0.255384727,0.457008137
5,HXK4,523.8264261,512.3002784,474.4632547,473.1854593,49.36317141,50.64096683,19.51630435,15.17934783,8.673913043,4.553804348,0.735913081,0.10383365,0.250020306
6,DHI1,353.8222144,345.076339,336.4048584,337.5902239,17.41735598,16.23199042,6.016222834,4.232733426,3.476888171,2.363035235,0.55977749,0.029922407,0.084924352
7,ALDR,486.9080607,494.9510261,449.5199402,459.1545242,37.38812043,27.75353646,12.50205086,10.62674323,7.856480049,4.645958639,0.61507824,0.05748725,0.181582538
,,,,,,,,15.862,12.312,8.101,4.646,0.648,0.104,0.207
