method,success_rate
crystal,1.0
AutoDock_Vina,0.7990430622009569
glideSP,0.8971291866028708
DiffBindFR_MDN,0.7751196172248804
DiffBindFR_Smina,0.777511961722488
DynamicBind,0.4473684210526316
DynamicBind_Relaxed,0.45215311004784686
SurfDock,0.9138755980861244
GAABind,0.7966507177033493
Interformer_Energy,0.8708133971291866
Interformer_PoseScore,0.8851674641148325
KarmaDock,0.715311004784689
KarmaDock_aligned,0.6411483253588517
KarmaDock_FF,0.7416267942583732
QuickBind,0.4258373205741627
