method,success_rate
crystal,1.0
AutoDock_Vina,0.638755980861244
glideSP,0.7894736842105263
DiffBindFR_MDN,0.5789473684210527
DiffBindFR_Smina,0.6028708133971292
DynamicBind,0.2894736842105263
DynamicBind_Relaxed,0.32057416267942584
SurfDock,0.7799043062200957
GAABind,0.5861244019138756
Interformer_Energy,0.6889952153110048
Interformer_PoseScore,0.7105263157894737
KarmaDock,0.46172248803827753
KarmaDock_aligned,0.3875598086124402
KarmaDock_FF,0.48086124401913877
QuickBind,0.21770334928229665
