method,success_rate
crystal,1.0
AutoDock_Vina,0.41866028708133973
glideSP,0.6124401913875598
DiffBindFR_mdn,0.34688995215311
DiffBindFR_Smina,0.361244019138756
DynamicBind,0.1339712918660287
DynamicBind_Relaxed,0.145933014354067
SurfDock,0.5406698564593302
GAABind,0.3349282296650718
Interformer_Energy,0.43301435406698563
Interformer_PoseScore,0.44258373205741625
KarmaDock,0.18660287081339713
KarmaDock_aligned,0.14832535885167464
KarmaDock_FF,0.23205741626794257
QuickBind,0.0861244019138756
