method,success_rate
crystal,1.0
AutoDock_Vina,0.7488038277511961
glideSP,0.8588516746411483
DiffBindFR_MDN,0.7248803827751196
DiffBindFR_Smina,0.7129186602870813
DynamicBind,0.4019138755980861
DynamicBind_Relaxed,0.41148325358851673
SurfDock,0.8779904306220095
GAABind,0.7344497607655502
Interformer_Energy,0.8133971291866029
Interformer_PoseScore,0.8277511961722488
KarmaDock,0.6363636363636364
KarmaDock_aligned,0.5669856459330144
KarmaDock_FF,0.6555023923444976
QuickBind,0.3444976076555024
