method,success_rate
crystal,1.0
AutoDock_Vina,0.5358851674641149
glideSP,0.7081339712918661
DiffBindFR_MDN,0.47368421052631576
DiffBindFR_Smina,0.4880382775119617
DynamicBind,0.20574162679425836
DynamicBind_Relaxed,0.21770334928229665
SurfDock,0.6794258373205742
GAABind,0.4688995215311005
Interformer_Energy,0.5645933014354066
Interformer_PoseScore,0.5765550239234449
KarmaDock,0.3277511961722488
KarmaDock_aligned,0.24162679425837322
KarmaDock_FF,0.34688995215311
QuickBind,0.16267942583732056
