method,success_rate
crystal,1.0
AutoDock_Vina,0.6913875598086124
glideSP,0.8157894736842105
DiffBindFR_MDN,0.6291866028708134
DiffBindFR_Smina,0.6507177033492823
DynamicBind,0.3229665071770335
DynamicBind_Relaxed,0.35167464114832536
SurfDock,0.8277511961722488
GAABind,0.645933014354067
Interformer_Energy,0.7368421052631579
Interformer_PoseScore,0.7655502392344498
KarmaDock,0.5358851674641149
KarmaDock_aligned,0.4665071770334928
KarmaDock_FF,0.5526315789473685
QuickBind,0.2607655502392344
