method,success_rate
crystal,1.0
AutoDock_Vina,0.8253588516746412
glideSP,0.9234449760765551
DiffBindFR_MDN,0.8181818181818182
DiffBindFR_Smina,0.8086124401913876
DynamicBind,0.48325358851674644
DynamicBind_Relaxed,0.4904306220095694
SurfDock,0.9234449760765551
GAABind,0.8301435406698564
Interformer_Energy,0.8875598086124402
Interformer_PoseScore,0.9090909090909091
KarmaDock,0.7751196172248804
KarmaDock_aligned,0.7200956937799043
KarmaDock_FF,0.8014354066985646
QuickBind,0.5095693779904307
