method,success_rate
crystal,1.0
AutoDock_Vina,0.8022598870056498
glideSP,0.8418079096045198
DiffBindFR_MDN,0.7909604519774012
DiffBindFR_Smina,0.768361581920904
DynamicBind,0.3559322033898305
DynamicBind_Relaxed,0.3785310734463277
SurfDock,0.8983050847457628
GAABind,0.7457627118644068
Interformer_Energy,0.864406779661017
Interformer_PoseScore,0.8757062146892656
KarmaDock,0.5310734463276836
KarmaDock_aligned,0.5480225988700564
KarmaDock_FF,0.576271186440678
QuickBind,0.2033898305084746
