method,success_rate
crystal,1.0
AutoDock_Vina,0.384180790960452
glideSP,0.3615819209039548
DiffBindFR_MDN,0.1751412429378531
DiffBindFR_Smina,0.22033898305084745
DynamicBind,0.02824858757062147
DynamicBind_Relaxed,0.02824858757062147
SurfDock,0.3898305084745763
GAABind,0.1807909604519774
Interformer_Energy,0.24858757062146894
Interformer_PoseScore,0.2598870056497175
KarmaDock,0.022598870056497175
KarmaDock_aligned,0.022598870056497175
KarmaDock_FF,0.03389830508474576
QuickBind,
