method,success_rate
crystal,1.0
AutoDock_Vina,0.23163841807909605
glideSP,0.22033898305084745
DiffBindFR_MDN,0.11864406779661017
DiffBindFR_Smina,0.12429378531073447
DynamicBind,0.01694915254237288
DynamicBind_Relaxed,0.01694915254237288
SurfDock,0.24293785310734464
GAABind,0.096045197740113
Interformer_Energy,0.15254237288135594
Interformer_PoseScore,0.1638418079096045
KarmaDock,0.011299435028248588
KarmaDock_aligned,0.022598870056497175
KarmaDock_FF,0.011299435028248588
QuickBind,
