method,success_rate
crystal,1.0
AutoDock_Vina,0.6384180790960452
glideSP,0.6440677966101694
DiffBindFR_MDN,0.4858757062146893
DiffBindFR_Smina,0.5254237288135594
DynamicBind,0.11299435028248588
DynamicBind_Relaxed,0.11864406779661017
SurfDock,0.7175141242937854
GAABind,0.519774011299435
Interformer_Energy,0.6384180790960452
Interformer_PoseScore,0.6497175141242938
KarmaDock,0.13559322033898305
KarmaDock_aligned,0.15254237288135594
KarmaDock_FF,0.1751412429378531
QuickBind,0.04519774011299435
