method,success_rate
crystal,1.0
AutoDock_Vina,0.7457627118644068
glideSP,0.7740112994350282
DiffBindFR_MDN,0.6497175141242938
DiffBindFR_Smina,0.6779661016949152
DynamicBind,0.1977401129943503
DynamicBind_Relaxed,0.22598870056497175
SurfDock,0.8361581920903954
GAABind,0.6384180790960452
Interformer_Energy,0.7740112994350282
Interformer_PoseScore,0.807909604519774
KarmaDock,0.327683615819209
KarmaDock_aligned,0.3107344632768362
KarmaDock_FF,0.3559322033898305
QuickBind,0.11864406779661017
