method,success_rate
crystal,1.0
AutoDock_Vina,0.5423728813559322
glideSP,0.5536723163841808
DiffBindFR_MDN,0.3898305084745763
DiffBindFR_Smina,0.4124293785310734
DynamicBind,0.06779661016949153
DynamicBind_Relaxed,0.07344632768361582
SurfDock,0.6214689265536724
GAABind,0.4067796610169492
Interformer_Energy,0.5028248587570622
Interformer_PoseScore,0.5536723163841808
KarmaDock,0.0847457627118644
KarmaDock_aligned,0.1016949152542373
KarmaDock_FF,0.096045197740113
QuickBind,0.01694915254237288
