method,success_rate
crystal,1.0
AutoDock_Vina,0.1864406779661017
glideSP,0.1694915254237288
DiffBindFR_MDN,0.1016949152542373
DiffBindFR_Smina,0.1016949152542373
DynamicBind,0.01694915254237288
DynamicBind_Relaxed,0.01694915254237288
SurfDock,0.20903954802259886
GAABind,0.07344632768361582
Interformer_Energy,0.14124293785310735
Interformer_PoseScore,0.15819209039548024
KarmaDock,0.011299435028248588
KarmaDock_aligned,0.022598870056497175
KarmaDock_FF,0.011299435028248588
QuickBind,0.0
