method,success_rate
crystal,1.0
AutoDock_Vina,0.7909604519774012
glideSP,0.8248587570621468
DiffBindFR_MDN,0.7457627118644068
DiffBindFR_Smina,0.7288135593220338
DynamicBind,0.288135593220339
DynamicBind_Relaxed,0.3107344632768362
SurfDock,0.864406779661017
GAABind,0.711864406779661
Interformer_Energy,0.847457627118644
Interformer_PoseScore,0.8587570621468926
KarmaDock,0.4519774011299435
KarmaDock_aligned,0.4350282485875706
KarmaDock_FF,0.4689265536723164
QuickBind,0.1807909604519774
