method,success_rate
crystal,1.0
AutoDock_Vina,0.6779661016949152
glideSP,0.7005649717514124
DiffBindFR_MDN,0.5536723163841808
DiffBindFR_Smina,0.6101694915254238
DynamicBind,0.14124293785310735
DynamicBind_Relaxed,0.14689265536723164
SurfDock,0.7966101694915254
GAABind,0.5875706214689266
Interformer_Energy,0.711864406779661
Interformer_PoseScore,0.7288135593220338
KarmaDock,0.22598870056497175
KarmaDock_aligned,0.21468926553672316
KarmaDock_FF,0.24858757062146894
QuickBind,0.06779661016949153
