,Target Name,Active Mean,Active Median,Decoy Mean,Decoy Median,Delta Mean,Delta Median,EF_0.5%,EF_1%,EF_2%,EF_5%,ROC_AUC Score,ROC_PR Score,BEDROC_score
0,MMP2,5.2192,5.197,5.243135,5.295,-0.023935,-0.0758,0,2.384615385,1.24,1,0.485895833,0.030934953,0.044280683
1,11BETAHSD1,9.076175,9.2585,8.87611,8.977,0.200065,0.099175,0,0,1.24,1.5,0.561395833,0.040706478,0.026892303
2,ALR2,8.4681,8.7815,7.795929942,7.903,0.672170058,0.5651,8.85,4.765384615,3.717,2.997580645,0.646570058,0.111557092,0.172946733
3,CYP2A6,6.744025,6.76,7.1080625,7.032,-0.3640375,-0.287975,0,0,0,0,0.41275,0.024929203,0.001088707
,,,,,,,,2.213,1.788,1.549,1.374,0.527,0.052,0.061
