,Target Name,Active Mean,Active Median,Decoy Mean,Decoy Median,Delta Mean,Delta Median,EF_0.5%,EF_1%,EF_2%,EF_5%,ROC_AUC Score,ROC_PR Score,BEDROC_score
0,MMP2,8.45316575,8.39076,8.156028182,8.19119,0.297137568,0.26197575,4.385714286,4.723076923,3.684,1.485483871,0.58219697,0.051670501,0.130493129
1,11BETAHSD1,8.931720513,8.90474,8.574089244,8.591605,0.357631269,0.340115513,5.02991453,2.514957265,1.257478632,2.046066927,0.595489162,0.046962183,0.082379977
2,ALR2,7.50215475,7.65301,7.342748078,7.39905,0.159406672,0.10310475,4.378571429,2.357692308,2.452,0.988709677,0.545573356,0.038270583,0.073311452
3,CYP2A6,6.698427778,6.46718,6.631261472,6.72798,0.067166306,-0.029552222,0,0,0,1.109876543,0.505375306,0.042429618,0.009935308
,,,,,,,,3.449,2.399,1.848,1.408,0.557,0.045,0.074
