,Target Name,Active Mean,Active Median,Decoy Mean,Decoy Median,Delta Mean,Delta Median,EF_0.5%,EF_1%,EF_2%,EF_5%,ROC_AUC Score,ROC_PR Score,BEDROC_score
0,MMP2,27.76903536,27.76891041,29.96677607,30.35908413,-2.197740702,-2.590048766,0,0,0,0,0.349410774,0.02269901,3.98E-05
1,11BETAHSD1,15.41250241,15.33081055,15.26142077,15.2419157,0.151081637,0.170586708,0,0,1.257478632,2.046066927,0.518611149,0.037027059,0.034449776
2,ALR2,21.82555134,22.94478226,22.38481509,22.76505852,-0.559263752,-0.939507174,0,0,0,0.494354839,0.479626897,0.031772958,0.005524397
3,CYP2A6,17.2414009,17.28997803,16.21797535,16.13545227,1.023425553,1.105948634,0,0,1.387345679,0.554938272,0.695345693,0.063589827,0.022629441
,,,,,,,,0.000,0.000,0.661,0.774,0.511,0.039,0.016
