,Target Name,Active Mean,Active Median,Decoy Mean,Decoy Median,Delta Mean,Delta Median,EF_0.5%,EF_1%,EF_2%,EF_5%,ROC_AUC Score,ROC_PR Score,BEDROC_score
0,MMP2,7.044902932,7.159253941,6.361485051,6.535036896,0.683417881,0.509866036,4.382142857,2.359615385,1.227,2.473790323,0.722009267,0.094484934,0.097579517
1,11BETAHSD1,7.574694638,7.534112011,7.405674415,7.449466586,0.169020223,0.125228053,4.908333333,7.3625,4.908333333,1.996610169,0.54677065,0.05955884,0.170591458
2,ALR2,5.436054196,5.827161865,5.696606751,5.747333129,-0.260552556,-0.311278933,0,0,0,0.494354839,0.459801855,0.030101429,0.003225507
3,CYP2A6,5.246095687,5.235389403,5.314383809,5.289912603,-0.068288122,-0.043816916,0,2.255,2.373684211,0.980434783,0.464820186,0.042318657,0.077366261
,,,,,,,,2.323,2.994,2.127,1.486,0.548,0.057,0.087
