,Target Name,Active Mean,Active Median,Decoy Mean,Decoy Median,Delta Mean,Delta Median,EF_0.5%,EF_1%,EF_2%,EF_5%,ROC_AUC Score,ROC_PR Score,BEDROC_score
0,MMP2,8.407780993,8.425139427,8.478774118,8.557120323,-0.070993125,-0.14933933,0,0,1.238,0.499193548,0.432533389,0.026021159,0.014302847
1,11BETAHSD1,7.45170543,7.441126347,7.608682874,7.66473484,-0.156977444,-0.21302941,0,2.561330561,1.331891892,0.537053182,0.3917675,0.023461996,0.038580274
2,ALR2,5.594572407,5.828261137,6.106803836,6.209082603,-0.512231429,-0.614510196,0,0,0,0,0.31470339,0.0215296,2.86E-05
3,CYP2A6,7.430520083,7.378584623,7.490689461,7.510619164,-0.060169379,-0.080099081,0,0,0,0,0.466198624,0.027208661,4.02E-05
,,,,,,,,0.000,0.640,0.642,0.259,0.401,0.025,0.013
