,Target Name,Active Mean,Active Median,Decoy Mean,Decoy Median,Delta Mean,Delta Median,EF_0.5%,EF_1%,EF_2%,EF_5%,ROC_AUC Score,ROC_PR Score,BEDROC_score
0,MMP2,4.935165108,5.08037,5.091649697,5.20676,-0.156484588,-0.271594892,0,0,1.29954955,1.613233924,0.478163033,0.033074496,0.025783083
1,11BETAHSD1,8.476221143,8.37848,8.029809268,8.19024,0.446411875,0.285981143,20.16,11.2,5.6,3.36,0.592882442,0.172820552,0.33514851
2,ALR2,7.36822675,7.455655,7.023402592,7.0938,0.344824158,0.27442675,4.475,2.440909091,1.220454545,2.486111111,0.641078337,0.060030631,0.086994764
3,CYP2A6,7.264976944,7.490155,6.470765244,6.5473,0.7942117,0.717676944,4.927777778,5.475308642,6.844135802,6.57037037,0.751077164,0.159548008,0.25880891
,,,,,,,,7.391,4.779,3.741,3.507,0.616,0.106,0.177
