,Target Name,Active Mean,Active Median,Decoy Mean,Decoy Median,Delta Mean,Delta Median,EF_0.5%,EF_1%,EF_2%,EF_5%,ROC_AUC Score,ROC_PR Score,BEDROC_score
0,MMP2,6.088281243,6.1914063,5.935187132,6.0429688,0.15309411,0.045312443,0,4.726923077,2.458,1.486693548,0.57441127,0.044744174,0.070416913
1,11BETAHSD1,6.698828128,6.6894531,6.793469718,6.8398438,-0.094641591,-0.141015672,0,0,0,0.994354839,0.448847443,0.028854037,0.016937318
2,ALR2,6.34150391,6.6054688,6.642879493,6.7382812,-0.301375583,-0.39677729,0,2.357692308,1.226,2.471774194,0.434928331,0.035213953,0.049626473
3,CYP2A6,4.237109372,4.2226562,4.585720306,4.4023438,-0.348610933,-0.165234428,0,0,0,0,0.342579431,0.022419938,0.000317835
,,,,,,,,0.000,1.771,0.921,1.238,0.450,0.033,0.034
