,Target Name,Active Mean,Active Median,Decoy Mean,Decoy Median,Delta Mean,Delta Median,EF_0.5%,EF_1%,EF_2%,EF_5%,ROC_AUC Score,ROC_PR Score,BEDROC_score
0,MMP2,635.3555618,648.3888437,653.2592073,658.7502566,-17.90364554,-23.39469478,0,0,1.229,0.991129032,0.45224979,0.029165635,0.032793764
1,11BETAHSD1,670.9660379,659.7348107,664.2150729,664.6200985,6.750964971,6.345939451,4.403571429,2.371153846,1.233,0.497177419,0.527200335,0.033927178,0.046422501
2,ALR2,635.6591754,647.9891393,584.5696048,585.2709276,51.08957066,50.38824779,17.51428571,11.78846154,8.582,4.943548387,0.656724283,0.183378355,0.339096901
3,CYP2A6,389.6784627,380.8537081,428.6738702,430.2846828,-38.99540752,-40.60622013,0,0,1.236,0.498387097,0.250250836,0.020697352,0.017531009
,,,,,,,,5.479,3.540,3.070,1.733,0.472,0.067,0.109
