,Target Name,Active Mean,Active Median,Decoy Mean,Decoy Median,Delta Mean,Delta Median,EF_0.5%,EF_1%,EF_2%,EF_5%,ROC_AUC Score,ROC_PR Score,BEDROC_score
0,MMP2,29.46800091,29.86605549,30.09780621,30.62701035,-0.629805296,-1.159009433,0,2.357692308,1.226,0.988709677,0.459548904,0.028834069,0.032496472
1,11BETAHSD1,25.61417966,25.4411602,24.15305554,23.98142052,1.461124123,1.632759142,0,0,0,0.499152542,0.627065026,0.047646228,0.012940755
2,ALR2,27.79902763,29.47409344,28.13759376,28.58879662,-0.338566122,-0.789768982,0,0,1.223,0.493145161,0.508326289,0.035358833,0.025263201
3,CYP2A6,20.62384489,20.16248322,20.96765623,21.24237156,-0.343811348,-0.618526673,4.51,4.51,3.560526316,1.470652174,0.447592807,0.048798291,0.146210574
,,,,,,,,1.128,1.717,1.502,0.863,0.511,0.040,0.054
