,Target Name,Active Mean,Active Median,Decoy Mean,Decoy Median,Delta Mean,Delta Median,EF_0.5%,EF_1%,EF_2%,EF_5%,ROC_AUC Score,ROC_PR Score,BEDROC_score
0,MMP2,25.43753515,25.14899158,26.8613721,27.21589661,-1.423836944,-1.778361452,0,0,0,0.988709677,0.411698988,0.026069114,0.005990307
1,11BETAHSD1,21.99632716,21.70609283,21.2157606,21.00283527,0.780566559,0.993491888,0,0,0,0.998305085,0.57258348,0.041021306,0.015131974
2,ALR2,26.2809428,26.7862978,26.3870808,26.64760208,-0.106138002,-0.366659284,4.367857143,4.703846154,2.446,2.958870968,0.50716399,0.048913567,0.108268744
3,CYP2A6,20.77203252,20.81248188,20.98635084,21.29273701,-0.214318314,-0.520704484,0,0,1.186842105,0.980434783,0.468822506,0.039878729,0.050776174
,,,,,,,,1.092,1.176,0.908,1.482,0.490,0.039,0.045
