,Target Name,Active Mean,Active Median,Decoy Mean,Decoy Median,Delta Mean,Delta Median,EF_0.5%,EF_1%,EF_2%,EF_5%,ROC_AUC Score,ROC_PR Score,BEDROC_score
0,MMP2,31.56785132,32.32283592,32.03246686,32.56407166,-0.464615543,-0.996220338,0,0,0,0.988709677,0.479848229,0.029538991,0.009855315
1,11BETAHSD1,29.21844826,29.36927128,27.01584211,26.54376984,2.202606147,2.674678421,0,0,1.227083333,0.998305085,0.628317223,0.053128961,0.02871236
2,ALR2,28.62934046,30.48292446,30.24954583,30.46417427,-1.620205376,-1.834833813,0,0,0,0.493145161,0.459256128,0.029144355,0.002249023
3,CYP2A6,23.35182009,22.53790188,23.03226437,23.1139555,0.319555719,0.23786459,4.51,2.255,1.186842105,1.470652174,0.483352668,0.065035467,0.097604211
,,,,,,,,1.128,0.564,0.603,0.988,0.513,0.044,0.035
