,Target Name,Active Mean,Active Median,Decoy Mean,Decoy Median,Delta Mean,Delta Median,EF_0.5%,EF_1%,EF_2%,EF_5%,ROC_AUC Score,ROC_PR Score,BEDROC_score
0,MMP2,4.492652249,4.227763176,4.448132586,4.227763176,0.044519663,0.264889073,0,0,1.24,1.5,0.531208333,0.039182434,0.030822559
1,11BETAHSD1,8.977724099,8.606841087,8.923521606,8.604766846,0.054202493,0.372957253,0,0,0,0,0.522625,0.031757769,0.000622248
2,ALR2,13.64361277,14.07928181,12.75407083,12.56331635,0.889541937,1.080296421,0,0,0,0.5,0.674770833,0.050966524,0.002595963
3,CYP2A6,9.12879411,9.26145649,10.81129173,11.05166197,-1.682497623,-1.922867858,0,0,1.24,0.5,0.167052083,0.018936433,0.023662944
,,,,,,,,0.000,0.000,0.620,0.625,0.474,0.035,0.014
