,Target Name,Active Mean,Active Median,Decoy Mean,Decoy Median,Delta Mean,Delta Median,EF_0.5%,EF_1%,EF_2%,EF_5%,ROC_AUC Score,ROC_PR Score,BEDROC_score
0,MMP2,465.0653566,491.3684838,432.3713801,440.9562811,32.69397645,24.10907546,13.24285714,9.507692308,4.944,4.485483871,0.65,0.090283888,0.196435767
1,11BETAHSD1,318.2737072,320.4246144,306.9291194,310.7793446,11.3445878,7.494362652,0,0,0,1.076721883,0.577629382,0.03403419,0.010384852
2,ALR2,407.3421894,418.8496743,404.309111,416.8183656,3.033078408,-9.476176209,4.417857143,2.378846154,3.711,1.99516129,0.527172097,0.049255086,0.109301716
3,CYP2A6,240.3640343,237.1849602,260.5176134,263.5274103,-20.15357918,-23.16337602,0,0,0,0,0.304197995,0.020958524,1.09E-07
,,,,,,,,4.415,2.972,2.164,1.889,0.515,0.049,0.079
