method,success_rate
crystal,1.0
AutoDock_Vina,0.8292682926829268
glideSP,0.926829268292683
DiffBindFR_MDN,0.9024390243902439
DiffBindFR_Smina,0.8536585365853658
DynamicBind,0.5853658536585366
DynamicBind_Relaxed,0.6097560975609756
SurfDock,0.9512195121951219
GAABind,0.7926829268292683
Interformer_Energy,0.9512195121951219
Interformer_PoseScore,0.8658536585365854
KarmaDock,0.8536585365853658
KarmaDock_aligned,0.7804878048780488
KarmaDock_FF,0.8780487804878049
QuickBind,0.6829268292682927
