method,success_rate
crystal,1.0
AutoDock_Vina,0.7317073170731707
glideSP,0.8292682926829268
DiffBindFR_Mdn,0.7317073170731707
DiffBindFR_Smina,0.7682926829268293
DynamicBind,0.524390243902439
DynamicBind_Relaxed,0.5365853658536586
SurfDock,0.926829268292683
GAABind,0.6097560975609756
Interformer_Energy,0.8048780487804879
Interformer_PoseScore,0.7195121951219512
KarmaDock,0.5487804878048781
KarmaDock_aligned,0.524390243902439
KarmaDock_FF,0.6341463414634146
QuickBind,0.524390243902439
