method,success_rate
crystal,1.0
AutoDock_Vina,0.6219512195121951
glideSP,0.7560975609756098
DiffBindFR_MDN,0.6463414634146342
DiffBindFR_Smina,0.6829268292682927
DynamicBind,0.4268292682926829
DynamicBind_Relaxed,0.43902439024390244
SurfDock,0.7926829268292683
GAABind,0.4146341463414634
Interformer_Energy,0.6829268292682927
Interformer_PoseScore,0.6097560975609756
KarmaDock,0.35365853658536583
KarmaDock_aligned,0.4024390243902439
KarmaDock_FF,0.43902439024390244
QuickBind,0.3780487804878049
