method,success_rate
crystal,1.0
AutoDock_Vina,0.7439024390243902
glideSP,0.8414634146341463
DiffBindFR_MDN,0.7682926829268293
DiffBindFR_Smina,0.7926829268292683
DynamicBind,0.5487804878048781
DynamicBind_Relaxed,0.5487804878048781
SurfDock,0.9390243902439024
GAABind,0.6951219512195121
Interformer_Energy,0.8170731707317073
Interformer_PoseScore,0.7439024390243902
KarmaDock,0.6341463414634146
KarmaDock_aligned,0.573170731707317
KarmaDock_FF,0.6829268292682927
QuickBind,0.5365853658536586
