method,success_rate
crystal,1.0
AutoDock_Vina,0.7804878048780488
glideSP,0.8902439024390244
DiffBindFR_MDN,0.8292682926829268
DiffBindFR_Smina,0.8292682926829268
DynamicBind,0.573170731707317
DynamicBind_Relaxed,0.5853658536585366
SurfDock,0.9390243902439024
GAABind,0.7682926829268293
Interformer_Energy,0.8658536585365854
Interformer_PoseScore,0.7926829268292683
KarmaDock,0.7439024390243902
KarmaDock_aligned,0.6219512195121951
KarmaDock_FF,0.7804878048780488
QuickBind,0.6219512195121951
