method,success_rate
crystal,1.0
AutoDock_Vina,0.5365853658536586
glideSP,0.6463414634146342
DiffBindFR_MDN,0.6097560975609756
DiffBindFR_Smina,0.573170731707317
DynamicBind,0.32926829268292684
DynamicBind_Relaxed,0.35365853658536583
SurfDock,0.7073170731707317
GAABind,0.34146341463414637
Interformer_Energy,0.5853658536585366
Interformer_PoseScore,0.47560975609756095
KarmaDock,0.24390243902439024
KarmaDock_aligned,0.25609756097560976
KarmaDock_FF,0.2926829268292683
QuickBind,0.25609756097560976
