method,success_rate
crystal,1.0
AutoDock_Vina,0.8292682926829268
glideSP,0.9390243902439024
DiffBindFR_MDN,0.9146341463414634
DiffBindFR_Smina,0.8902439024390244
DynamicBind,0.6219512195121951
DynamicBind_Relaxed,0.6341463414634146
SurfDock,0.9634146341463414
GAABind,0.8414634146341463
Interformer_Energy,0.9512195121951219
Interformer_PoseScore,0.9024390243902439
KarmaDock,0.8902439024390244
KarmaDock_aligned,0.8292682926829268
KarmaDock_FF,0.9024390243902439
QuickBind,0.7317073170731707
