method,success_rate
crystal,1.0
AutoDock_Vina,0.3902439024390244
glideSP,0.524390243902439
DiffBindFR_Mdn,0.5
DiffBindFR_Smina,0.524390243902439
DynamicBind,0.24390243902439024
DynamicBind_Relaxed,0.2804878048780488
SurfDock,0.573170731707317
GAABind,0.21951219512195122
Interformer_Energy,0.4878048780487805
Interformer_PoseScore,0.3780487804878049
KarmaDock,0.14634146341463414
KarmaDock_aligned,0.18292682926829268
KarmaDock_FF,0.1951219512195122
QuickBind,0.17073170731707318
